predictions,image
"[{'x': 381.5, 'y': 448.5, 'width': 243.0, 'height': 383.0, 'confidence': 0.787961483001709, 'class': 'Paper', 'image_path': '/Users/davidvos/Desktop/Thesis/images/plastic480_jpg.rf.feed4637abf9360d8ecec58dd9775bf7.jpg', 'prediction_type': 'ObjectDetectionModel'}]","{'width': '640', 'height': '640'}"
"[{'x': 328.0, 'y': 369.0, 'width': 300.0, 'height': 402.0, 'confidence': 0.9107182621955872, 'class': 'glass', 'image_path': '/Users/davidvos/Desktop/Thesis/images/plastic449_jpg.rf.3685b54267c443c280dab3fe9032a054.jpg', 'prediction_type': 'ObjectDetectionModel'}]","{'width': '640', 'height': '640'}"
"[{'x': 321.0, 'y': 396.0, 'width': 632.0, 'height': 488.0, 'confidence': 0.8928208351135254, 'class': 'Plastic', 'image_path': '/Users/davidvos/Desktop/Thesis/images/plastic437_jpg.rf.4dd2cd3dbb3e10e6a17beeae1b7badbe.jpg', 'prediction_type': 'ObjectDetectionModel'}]","{'width': '640', 'height': '640'}"
"[{'x': 409.0, 'y': 400.5, 'width': 454.0, 'height': 443.0, 'confidence': 0.9736690521240234, 'class': 'Metal', 'image_path': '/Users/davidvos/Desktop/Thesis/images/metal292_jpg.rf.1d9d7f6042c30b2af9f1d19f0a3fc418.jpg', 'prediction_type': 'ObjectDetectionModel'}]","{'width': '640', 'height': '640'}"
"[{'x': 352.0, 'y': 421.5, 'width': 444.0, 'height': 437.0, 'confidence': 0.44268402457237244, 'class': 'glass', 'image_path': '/Users/davidvos/Desktop/Thesis/images/glass261_jpg.rf.262b8b721f5a78201f0cba1e46964650.jpg', 'prediction_type': 'ObjectDetectionModel'}]","{'width': '640', 'height': '640'}"
"[{'x': 294.5, 'y': 304.5, 'width': 205.0, 'height': 343.0, 'confidence': 0.9681071043014526, 'class': 'Metal', 'image_path': '/Users/davidvos/Desktop/Thesis/images/metal7_jpg.rf.2869488393697f898b91f4464fc2464a.jpg', 'prediction_type': 'ObjectDetectionModel'}]","{'width': '640', 'height': '640'}"
"[{'x': 380.0, 'y': 309.5, 'width': 414.0, 'height': 559.0, 'confidence': 0.8597286939620972, 'class': 'Plastic', 'image_path': '/Users/davidvos/Desktop/Thesis/images/plastic44_jpg.rf.e02c71c98ed3b9ad6f52a1d1b20d1991.jpg', 'prediction_type': 'ObjectDetectionModel'}]","{'width': '640', 'height': '640'}"
"[{'x': 296.0, 'y': 317.0, 'width': 582.0, 'height': 634.0, 'confidence': 0.8889170289039612, 'class': 'Paper', 'image_path': '/Users/davidvos/Desktop/Thesis/images/paper147_jpg.rf.3658eb3d0a199e77c14c6400f6c2bc78.jpg', 'prediction_type': 'ObjectDetectionModel'}]","{'width': '640', 'height': '640'}"
"[{'x': 332.5, 'y': 320.0, 'width': 591.0, 'height': 640.0, 'confidence': 0.45238518714904785, 'class': 'Paper', 'image_path': '/Users/davidvos/Desktop/Thesis/images/paper340_jpg.rf.90a0202e5e08e2af8c58befaeeec0020.jpg', 'prediction_type': 'ObjectDetectionModel'}]","{'width': '640', 'height': '640'}"
[],"{'width': '640', 'height': '640'}"
"[{'x': 281.5, 'y': 288.5, 'width': 179.0, 'height': 255.0, 'confidence': 0.9280778765678406, 'class': 'Paper', 'image_path': '/Users/davidvos/Desktop/Thesis/images/paper387_jpg.rf.d8c4b795824e6d0e78c89f84de628db9.jpg', 'prediction_type': 'ObjectDetectionModel'}]","{'width': '640', 'height': '640'}"
[],"{'width': '640', 'height': '640'}"
"[{'x': 329.5, 'y': 317.0, 'width': 111.0, 'height': 528.0, 'confidence': 0.752324104309082, 'class': 'Paper', 'image_path': '/Users/davidvos/Desktop/Thesis/images/trash130_jpg.rf.49efe06245eb6d53c0da8ccf6ab4d991.jpg', 'prediction_type': 'ObjectDetectionModel'}]","{'width': '640', 'height': '640'}"
[],"{'width': '640', 'height': '640'}"
"[{'x': 341.5, 'y': 340.5, 'width': 521.0, 'height': 393.0, 'confidence': 0.7972856760025024, 'class': 'cardboard', 'image_path': '/Users/davidvos/Desktop/Thesis/images/paper212_jpg.rf.0a2fa82513c3e01714618c43e6ae4068.jpg', 'prediction_type': 'ObjectDetectionModel'}]","{'width': '640', 'height': '640'}"
"[{'x': 272.5, 'y': 347.5, 'width': 541.0, 'height': 581.0, 'confidence': 0.9341217279434204, 'class': 'Paper', 'image_path': '/Users/davidvos/Desktop/Thesis/images/paper139_jpg.rf.d393cfb6eb34fa3aa83368f7c4c409c3.jpg', 'prediction_type': 'ObjectDetectionModel'}]","{'width': '640', 'height': '640'}"
"[{'x': 379.0, 'y': 319.5, 'width': 510.0, 'height': 639.0, 'confidence': 0.5789297819137573, 'class': 'glass', 'image_path': '/Users/davidvos/Desktop/Thesis/images/plastic312_jpg.rf.d0708506ad173ecb926e3dedcc795707.jpg', 'prediction_type': 'ObjectDetectionModel'}]","{'width': '640', 'height': '640'}"
"[{'x': 334.0, 'y': 330.0, 'width': 534.0, 'height': 368.0, 'confidence': 0.9098624587059021, 'class': 'Paper', 'image_path': '/Users/davidvos/Desktop/Thesis/images/paper511_jpg.rf.868dabdea2c496c4bc36f7bc9288b930.jpg', 'prediction_type': 'ObjectDetectionModel'}]","{'width': '640', 'height': '640'}"
"[{'x': 376.5, 'y': 429.5, 'width': 277.0, 'height': 419.0, 'confidence': 0.957561731338501, 'class': 'glass', 'image_path': '/Users/davidvos/Desktop/Thesis/images/glass473_jpg.rf.d50b1753734e9446b36c6efcdfa77f87.jpg', 'prediction_type': 'ObjectDetectionModel'}]","{'width': '640', 'height': '640'}"
"[{'x': 322.5, 'y': 386.0, 'width': 239.0, 'height': 508.0, 'confidence': 0.9758375287055969, 'class': 'Plastic', 'image_path': '/Users/davidvos/Desktop/Thesis/images/plastic276_jpg.rf.e6abeb85488a6ad698ed746a4833a82f.jpg', 'prediction_type': 'ObjectDetectionModel'}]","{'width': '640', 'height': '640'}"
[],"{'width': '640', 'height': '640'}"
[],"{'width': '640', 'height': '640'}"
"[{'x': 313.0, 'y': 324.5, 'width': 626.0, 'height': 631.0, 'confidence': 0.6710883975028992, 'class': 'Plastic', 'image_path': '/Users/davidvos/Desktop/Thesis/images/plastic281_jpg.rf.3583db35af4d72ba2d26ffa2fe4467c1.jpg', 'prediction_type': 'ObjectDetectionModel'}]","{'width': '640', 'height': '640'}"
"[{'x': 336.0, 'y': 350.0, 'width': 534.0, 'height': 332.0, 'confidence': 0.9568414688110352, 'class': 'Plastic', 'image_path': '/Users/davidvos/Desktop/Thesis/images/plastic351_jpg.rf.0ada99ed3a6d5d7c3c6dcab75258472c.jpg', 'prediction_type': 'ObjectDetectionModel'}]","{'width': '640', 'height': '640'}"
"[{'x': 323.0, 'y': 369.5, 'width': 620.0, 'height': 541.0, 'confidence': 0.9444387555122375, 'class': 'Plastic', 'image_path': '/Users/davidvos/Desktop/Thesis/images/plastic214_jpg.rf.9331ec06fbefd8127834bd597a86dfc6.jpg', 'prediction_type': 'ObjectDetectionModel'}]","{'width': '640', 'height': '640'}"
"[{'x': 348.5, 'y': 280.5, 'width': 569.0, 'height': 365.0, 'confidence': 0.7683088779449463, 'class': 'glass', 'image_path': '/Users/davidvos/Desktop/Thesis/images/glass128_jpg.rf.f62b1f31ec68d208517ef0fc3d211502.jpg', 'prediction_type': 'ObjectDetectionModel'}]","{'width': '640', 'height': '640'}"
"[{'x': 367.5, 'y': 320.5, 'width': 413.0, 'height': 639.0, 'confidence': 0.7458892464637756, 'class': 'glass', 'image_path': '/Users/davidvos/Desktop/Thesis/images/glass20_jpg.rf.a7c4c8f1561c3f43be9e7e05abe5976f.jpg', 'prediction_type': 'ObjectDetectionModel'}]","{'width': '640', 'height': '640'}"
"[{'x': 386.5, 'y': 305.0, 'width': 377.0, 'height': 606.0, 'confidence': 0.8991652131080627, 'class': 'Metal', 'image_path': '/Users/davidvos/Desktop/Thesis/images/metal161_jpg.rf.d5684c44aa84f6d561a70117aa046bd7.jpg', 'prediction_type': 'ObjectDetectionModel'}]","{'width': '640', 'height': '640'}"
"[{'x': 285.5, 'y': 321.5, 'width': 527.0, 'height': 597.0, 'confidence': 0.5407181978225708, 'class': 'cardboard', 'image_path': '/Users/davidvos/Desktop/Thesis/images/cardboard206_jpg.rf.5725d5a69470fa0343ee2ef833fbd780.jpg', 'prediction_type': 'ObjectDetectionModel'}]","{'width': '640', 'height': '640'}"
"[{'x': 332.0, 'y': 312.0, 'width': 614.0, 'height': 338.0, 'confidence': 0.9127675890922546, 'class': 'Metal', 'image_path': '/Users/davidvos/Desktop/Thesis/images/metal293_jpg.rf.bcc5b6d96946605c902c3533d9977dca.jpg', 'prediction_type': 'ObjectDetectionModel'}]","{'width': '640', 'height': '640'}"
"[{'x': 339.0, 'y': 270.0, 'width': 420.0, 'height': 234.0, 'confidence': 0.9718341827392578, 'class': 'Plastic', 'image_path': '/Users/davidvos/Desktop/Thesis/images/plastic447_jpg.rf.73d5ae8ba63668e0e7678dcefa9b725a.jpg', 'prediction_type': 'ObjectDetectionModel'}]","{'width': '640', 'height': '640'}"
"[{'x': 272.0, 'y': 218.5, 'width': 382.0, 'height': 437.0, 'confidence': 0.980765700340271, 'class': 'Metal', 'image_path': '/Users/davidvos/Desktop/Thesis/images/metal33_jpg.rf.e286eac2716c83cd76203047c81a04d4.jpg', 'prediction_type': 'ObjectDetectionModel'}]","{'width': '640', 'height': '640'}"
"[{'x': 277.5, 'y': 328.5, 'width': 295.0, 'height': 431.0, 'confidence': 0.9455170631408691, 'class': 'Random Trash', 'image_path': '/Users/davidvos/Desktop/Thesis/images/paper417_jpg.rf.d8a772018a598da9ed1aeea1787fe3da.jpg', 'prediction_type': 'ObjectDetectionModel'}]","{'width': '640', 'height': '640'}"
"[{'x': 332.0, 'y': 352.0, 'width': 386.0, 'height': 514.0, 'confidence': 0.9603514671325684, 'class': 'Random Trash', 'image_path': '/Users/davidvos/Desktop/Thesis/images/trash28_jpg.rf.1b06bad73c4eefbe6ced32fa8b6b17e6.jpg', 'prediction_type': 'ObjectDetectionModel'}]","{'width': '640', 'height': '640'}"
"[{'x': 307.0, 'y': 304.5, 'width': 498.0, 'height': 459.0, 'confidence': 0.955470860004425, 'class': 'Plastic', 'image_path': '/Users/davidvos/Desktop/Thesis/images/plastic326_jpg.rf.2ab3310d0e85cc597f541800d07f7883.jpg', 'prediction_type': 'ObjectDetectionModel'}]","{'width': '640', 'height': '640'}"
"[{'x': 385.5, 'y': 407.0, 'width': 389.0, 'height': 466.0, 'confidence': 0.9748449325561523, 'class': 'Plastic', 'image_path': '/Users/davidvos/Desktop/Thesis/images/plastic262_jpg.rf.8b99b311fa99584c8dbb58603d4f51ce.jpg', 'prediction_type': 'ObjectDetectionModel'}]","{'width': '640', 'height': '640'}"
"[{'x': 303.0, 'y': 337.5, 'width': 296.0, 'height': 337.0, 'confidence': 0.9692285060882568, 'class': 'Metal', 'image_path': '/Users/davidvos/Desktop/Thesis/images/metal122_jpg.rf.8179e5bd2dda18b42d88974083e23af2.jpg', 'prediction_type': 'ObjectDetectionModel'}]","{'width': '640', 'height': '640'}"
[],"{'width': '640', 'height': '640'}"
"[{'x': 442.0, 'y': 399.0, 'width': 264.0, 'height': 480.0, 'confidence': 0.9499120116233826, 'class': 'Metal', 'image_path': '/Users/davidvos/Desktop/Thesis/images/metal334_jpg.rf.e30f2976a1b466749f4fe4f4b05bae79.jpg', 'prediction_type': 'ObjectDetectionModel'}]","{'width': '640', 'height': '640'}"
"[{'x': 267.0, 'y': 349.5, 'width': 534.0, 'height': 567.0, 'confidence': 0.9563727378845215, 'class': 'Paper', 'image_path': '/Users/davidvos/Desktop/Thesis/images/paper471_jpg.rf.d8046ffac09f32cb1e143d1f5ccedaf1.jpg', 'prediction_type': 'ObjectDetectionModel'}]","{'width': '640', 'height': '640'}"
"[{'x': 353.0, 'y': 329.0, 'width': 324.0, 'height': 490.0, 'confidence': 0.942118763923645, 'class': 'Random Trash', 'image_path': '/Users/davidvos/Desktop/Thesis/images/trash71_jpg.rf.06818677b577fbe5921fb0af0bca17ed.jpg', 'prediction_type': 'ObjectDetectionModel'}]","{'width': '640', 'height': '640'}"
"[{'x': 293.0, 'y': 281.0, 'width': 208.0, 'height': 290.0, 'confidence': 0.962448239326477, 'class': 'Plastic', 'image_path': '/Users/davidvos/Desktop/Thesis/images/glass288_jpg.rf.fab74a1d56e94fd47108f40fb56c9012.jpg', 'prediction_type': 'ObjectDetectionModel'}, {'x': 292.0, 'y': 278.0, 'width': 212.0, 'height': 284.0, 'confidence': 0.8247708678245544, 'class': 'glass', 'image_path': '/Users/davidvos/Desktop/Thesis/images/glass288_jpg.rf.fab74a1d56e94fd47108f40fb56c9012.jpg', 'prediction_type': 'ObjectDetectionModel'}]","{'width': '640', 'height': '640'}"
"[{'x': 269.0, 'y': 362.0, 'width': 538.0, 'height': 556.0, 'confidence': 0.9729065895080566, 'class': 'Paper', 'image_path': '/Users/davidvos/Desktop/Thesis/images/paper260_jpg.rf.2b9ce1e4c39178ad81b8a1e10f393f6d.jpg', 'prediction_type': 'ObjectDetectionModel'}]","{'width': '640', 'height': '640'}"
"[{'x': 287.5, 'y': 342.5, 'width': 429.0, 'height': 205.0, 'confidence': 0.9472986459732056, 'class': 'glass', 'image_path': '/Users/davidvos/Desktop/Thesis/images/glass95_jpg.rf.7b5e4dcf3ce962430e785dd8be603c1b.jpg', 'prediction_type': 'ObjectDetectionModel'}]","{'width': '640', 'height': '640'}"
"[{'x': 337.5, 'y': 442.5, 'width': 423.0, 'height': 395.0, 'confidence': 0.8250325918197632, 'class': 'Metal', 'image_path': '/Users/davidvos/Desktop/Thesis/images/metal403_jpg.rf.abacae44780a8cb9ca90b7f40fe42f7f.jpg', 'prediction_type': 'ObjectDetectionModel'}]","{'width': '640', 'height': '640'}"
"[{'x': 286.0, 'y': 321.5, 'width': 334.0, 'height': 359.0, 'confidence': 0.9518804550170898, 'class': 'Paper', 'image_path': '/Users/davidvos/Desktop/Thesis/images/paper498_jpg.rf.9544d4c9f92bad7662c096dcc6cb0086.jpg', 'prediction_type': 'ObjectDetectionModel'}]","{'width': '640', 'height': '640'}"
"[{'x': 240.5, 'y': 292.0, 'width': 481.0, 'height': 580.0, 'confidence': 0.8393005728721619, 'class': 'Paper', 'image_path': '/Users/davidvos/Desktop/Thesis/images/paper155_jpg.rf.c9c6a23814c879006bcffa088d8a4cb8.jpg', 'prediction_type': 'ObjectDetectionModel'}]","{'width': '640', 'height': '640'}"
"[{'x': 317.5, 'y': 317.5, 'width': 389.0, 'height': 635.0, 'confidence': 0.6543455123901367, 'class': 'Random Trash', 'image_path': '/Users/davidvos/Desktop/Thesis/images/trash89_jpg.rf.dd53c929647786b8892f6ce779628486.jpg', 'prediction_type': 'ObjectDetectionModel'}]","{'width': '640', 'height': '640'}"
"[{'x': 368.0, 'y': 317.0, 'width': 244.0, 'height': 634.0, 'confidence': 0.7558513879776001, 'class': 'glass', 'image_path': '/Users/davidvos/Desktop/Thesis/images/glass405_jpg.rf.90f3a75339a45d0081e8ed9ce205fd74.jpg', 'prediction_type': 'ObjectDetectionModel'}]","{'width': '640', 'height': '640'}"
"[{'x': 240.0, 'y': 328.0, 'width': 244.0, 'height': 266.0, 'confidence': 0.9748352766036987, 'class': 'Paper', 'image_path': '/Users/davidvos/Desktop/Thesis/images/paper499_jpg.rf.7d8b3a9f8eaf6575c5938a34e649facf.jpg', 'prediction_type': 'ObjectDetectionModel'}]","{'width': '640', 'height': '640'}"
"[{'x': 298.5, 'y': 285.0, 'width': 331.0, 'height': 448.0, 'confidence': 0.9557777643203735, 'class': 'Paper', 'image_path': '/Users/davidvos/Desktop/Thesis/images/paper154_jpg.rf.08f3da696a528cf7b221bdd5ae9b1dba.jpg', 'prediction_type': 'ObjectDetectionModel'}]","{'width': '640', 'height': '640'}"
"[{'x': 285.5, 'y': 330.0, 'width': 571.0, 'height': 590.0, 'confidence': 0.8198856115341187, 'class': 'Random Trash', 'image_path': '/Users/davidvos/Desktop/Thesis/images/trash46_jpg.rf.91e836bd6201585defac79b1782ca558.jpg', 'prediction_type': 'ObjectDetectionModel'}]","{'width': '640', 'height': '640'}"
"[{'x': 301.5, 'y': 283.0, 'width': 597.0, 'height': 438.0, 'confidence': 0.7745665311813354, 'class': 'cardboard', 'image_path': '/Users/davidvos/Desktop/Thesis/images/cardboard193_jpg.rf.b3700060c5cf6edef89029f3885249a1.jpg', 'prediction_type': 'ObjectDetectionModel'}]","{'width': '640', 'height': '640'}"
"[{'x': 335.5, 'y': 353.5, 'width': 577.0, 'height': 573.0, 'confidence': 0.9671258926391602, 'class': 'Paper', 'image_path': '/Users/davidvos/Desktop/Thesis/images/paper414_jpg.rf.07a1099e9a1d8516ffadf08cc3dc9a5d.jpg', 'prediction_type': 'ObjectDetectionModel'}]","{'width': '640', 'height': '640'}"
[],"{'width': '640', 'height': '640'}"
"[{'x': 311.0, 'y': 335.0, 'width': 334.0, 'height': 452.0, 'confidence': 0.9563939571380615, 'class': 'Plastic', 'image_path': '/Users/davidvos/Desktop/Thesis/images/plastic173_jpg.rf.1306ae630878cff212d9e3f5130ddc4c.jpg', 'prediction_type': 'ObjectDetectionModel'}]","{'width': '640', 'height': '640'}"
"[{'x': 304.0, 'y': 271.0, 'width': 426.0, 'height': 462.0, 'confidence': 0.9499210119247437, 'class': 'Paper', 'image_path': '/Users/davidvos/Desktop/Thesis/images/paper116_jpg.rf.17cc3678293345986a103d3c5248c7fb.jpg', 'prediction_type': 'ObjectDetectionModel'}]","{'width': '640', 'height': '640'}"
[],"{'width': '640', 'height': '640'}"
"[{'x': 329.0, 'y': 312.5, 'width': 622.0, 'height': 531.0, 'confidence': 0.9478532075881958, 'class': 'glass', 'image_path': '/Users/davidvos/Desktop/Thesis/images/glass423_jpg.rf.79bddecb3f3c9fd3d3dab79355e52dd3.jpg', 'prediction_type': 'ObjectDetectionModel'}]","{'width': '640', 'height': '640'}"
[],"{'width': '640', 'height': '640'}"
[],"{'width': '640', 'height': '640'}"
"[{'x': 274.5, 'y': 327.0, 'width': 449.0, 'height': 290.0, 'confidence': 0.9652103185653687, 'class': 'Plastic', 'image_path': '/Users/davidvos/Desktop/Thesis/images/plastic230_jpg.rf.367f638af9095c69147c3673084c24e8.jpg', 'prediction_type': 'ObjectDetectionModel'}]","{'width': '640', 'height': '640'}"
"[{'x': 259.0, 'y': 314.0, 'width': 516.0, 'height': 620.0, 'confidence': 0.6794605851173401, 'class': 'Paper', 'image_path': '/Users/davidvos/Desktop/Thesis/images/cardboard384_jpg.rf.1348d242d276ff8d1e08b6c70069f4e0.jpg', 'prediction_type': 'ObjectDetectionModel'}, {'x': 254.5, 'y': 316.5, 'width': 505.0, 'height': 627.0, 'confidence': 0.6214560866355896, 'class': 'cardboard', 'image_path': '/Users/davidvos/Desktop/Thesis/images/cardboard384_jpg.rf.1348d242d276ff8d1e08b6c70069f4e0.jpg', 'prediction_type': 'ObjectDetectionModel'}]","{'width': '640', 'height': '640'}"
[],"{'width': '640', 'height': '640'}"
[],"{'width': '640', 'height': '640'}"
"[{'x': 320.0, 'y': 317.5, 'width': 640.0, 'height': 635.0, 'confidence': 0.6226687431335449, 'class': 'Paper', 'image_path': '/Users/davidvos/Desktop/Thesis/images/paper345_jpg.rf.5187f4330ed470b2f9cb7e2b0e399c44.jpg', 'prediction_type': 'ObjectDetectionModel'}]","{'width': '640', 'height': '640'}"
[],"{'width': '640', 'height': '640'}"
"[{'x': 320.5, 'y': 278.5, 'width': 637.0, 'height': 555.0, 'confidence': 0.8759765625, 'class': 'Paper', 'image_path': '/Users/davidvos/Desktop/Thesis/images/paper420_jpg.rf.6dd0ea4d08f4b80b44f39b8a18a7e583.jpg', 'prediction_type': 'ObjectDetectionModel'}]","{'width': '640', 'height': '640'}"
"[{'x': 224.0, 'y': 346.0, 'width': 448.0, 'height': 588.0, 'confidence': 0.8719839453697205, 'class': 'Plastic', 'image_path': '/Users/davidvos/Desktop/Thesis/images/plastic132_jpg.rf.a93a1a64c74018d997df78e3bb5684be.jpg', 'prediction_type': 'ObjectDetectionModel'}]","{'width': '640', 'height': '640'}"
"[{'x': 360.5, 'y': 454.5, 'width': 551.0, 'height': 371.0, 'confidence': 0.9495402574539185, 'class': 'Metal', 'image_path': '/Users/davidvos/Desktop/Thesis/images/metal81_jpg.rf.bc876770cd5d04a7d3661aba0981160c.jpg', 'prediction_type': 'ObjectDetectionModel'}]","{'width': '640', 'height': '640'}"
"[{'x': 339.5, 'y': 322.0, 'width': 597.0, 'height': 636.0, 'confidence': 0.6889785528182983, 'class': 'glass', 'image_path': '/Users/davidvos/Desktop/Thesis/images/plastic216_jpg.rf.9b13358635d8c9a6896c460169f1ef28.jpg', 'prediction_type': 'ObjectDetectionModel'}]","{'width': '640', 'height': '640'}"
"[{'x': 373.0, 'y': 415.5, 'width': 426.0, 'height': 447.0, 'confidence': 0.9438374042510986, 'class': 'Random Trash', 'image_path': '/Users/davidvos/Desktop/Thesis/images/trash110_jpg.rf.d1f5c2d6c136cfb5d00cc361f0bd8033.jpg', 'prediction_type': 'ObjectDetectionModel'}]","{'width': '640', 'height': '640'}"
"[{'x': 256.5, 'y': 330.5, 'width': 305.0, 'height': 523.0, 'confidence': 0.9230608344078064, 'class': 'Random Trash', 'image_path': '/Users/davidvos/Desktop/Thesis/images/paper251_jpg.rf.b6a8539ccd297405c91e88c239335407.jpg', 'prediction_type': 'ObjectDetectionModel'}]","{'width': '640', 'height': '640'}"
"[{'x': 346.0, 'y': 269.0, 'width': 540.0, 'height': 500.0, 'confidence': 0.9435616135597229, 'class': 'Plastic', 'image_path': '/Users/davidvos/Desktop/Thesis/images/plastic227_jpg.rf.8b291f6348bb551e0ca0521f29a76826.jpg', 'prediction_type': 'ObjectDetectionModel'}]","{'width': '640', 'height': '640'}"
[],"{'width': '640', 'height': '640'}"
"[{'x': 316.0, 'y': 300.0, 'width': 462.0, 'height': 196.0, 'confidence': 0.9609643220901489, 'class': 'glass', 'image_path': '/Users/davidvos/Desktop/Thesis/images/glass305_jpg.rf.42504e12cbb53b1f64952fd25a59b721.jpg', 'prediction_type': 'ObjectDetectionModel'}]","{'width': '640', 'height': '640'}"
[],"{'width': '640', 'height': '640'}"
"[{'x': 311.5, 'y': 362.0, 'width': 469.0, 'height': 320.0, 'confidence': 0.9783318042755127, 'class': 'glass', 'image_path': '/Users/davidvos/Desktop/Thesis/images/metal70_jpg.rf.a7d49baf04e1bd62d73b6b53dd2618f5.jpg', 'prediction_type': 'ObjectDetectionModel'}]","{'width': '640', 'height': '640'}"
"[{'x': 131.0, 'y': 285.5, 'width': 244.0, 'height': 571.0, 'confidence': 0.43960461020469666, 'class': 'Plastic', 'image_path': '/Users/davidvos/Desktop/Thesis/images/plastic149_jpg.rf.309b2c35afa950e82e910474233436c8.jpg', 'prediction_type': 'ObjectDetectionModel'}]","{'width': '640', 'height': '640'}"
"[{'x': 320.0, 'y': 312.5, 'width': 386.0, 'height': 625.0, 'confidence': 0.8728936910629272, 'class': 'Plastic', 'image_path': '/Users/davidvos/Desktop/Thesis/images/plastic32_jpg.rf.27bcd12d043022694a87b9e1e7feb6ad.jpg', 'prediction_type': 'ObjectDetectionModel'}]","{'width': '640', 'height': '640'}"
"[{'x': 326.0, 'y': 287.5, 'width': 524.0, 'height': 559.0, 'confidence': 0.9591120481491089, 'class': 'Paper', 'image_path': '/Users/davidvos/Desktop/Thesis/images/paper248_jpg.rf.d78bab6735b7f2ea6c6530aac2322f72.jpg', 'prediction_type': 'ObjectDetectionModel'}]","{'width': '640', 'height': '640'}"
"[{'x': 353.0, 'y': 339.0, 'width': 324.0, 'height': 556.0, 'confidence': 0.8940081596374512, 'class': 'glass', 'image_path': '/Users/davidvos/Desktop/Thesis/images/glass458_jpg.rf.b54ff3e0f300dc70c46e06d4e33c9b63.jpg', 'prediction_type': 'ObjectDetectionModel'}]","{'width': '640', 'height': '640'}"
"[{'x': 319.5, 'y': 380.0, 'width': 219.0, 'height': 520.0, 'confidence': 0.9754641056060791, 'class': 'glass', 'image_path': '/Users/davidvos/Desktop/Thesis/images/glass96_jpg.rf.11844ae6ad661d0e264e7b046576c64f.jpg', 'prediction_type': 'ObjectDetectionModel'}]","{'width': '640', 'height': '640'}"
"[{'x': 317.5, 'y': 348.0, 'width': 345.0, 'height': 470.0, 'confidence': 0.972297191619873, 'class': 'Paper', 'image_path': '/Users/davidvos/Desktop/Thesis/images/paper278_jpg.rf.7ec61e7c9513446b7ff0ebbe096783f0.jpg', 'prediction_type': 'ObjectDetectionModel'}]","{'width': '640', 'height': '640'}"
"[{'x': 317.0, 'y': 416.0, 'width': 600.0, 'height': 428.0, 'confidence': 0.9480997323989868, 'class': 'Metal', 'image_path': '/Users/davidvos/Desktop/Thesis/images/metal79_jpg.rf.82fc7f720d7da035344a9a29e65cd4d5.jpg', 'prediction_type': 'ObjectDetectionModel'}]","{'width': '640', 'height': '640'}"
"[{'x': 278.5, 'y': 303.5, 'width': 557.0, 'height': 525.0, 'confidence': 0.9738750457763672, 'class': 'Paper', 'image_path': '/Users/davidvos/Desktop/Thesis/images/paper123_jpg.rf.50d703f9b9cc20a96098427b940e7d40.jpg', 'prediction_type': 'ObjectDetectionModel'}]","{'width': '640', 'height': '640'}"
"[{'x': 327.0, 'y': 306.0, 'width': 340.0, 'height': 432.0, 'confidence': 0.9831376075744629, 'class': 'Metal', 'image_path': '/Users/davidvos/Desktop/Thesis/images/metal294_jpg.rf.0a3d5a6166b84ffaf3c93b41cf680c57.jpg', 'prediction_type': 'ObjectDetectionModel'}]","{'width': '640', 'height': '640'}"
"[{'x': 322.5, 'y': 273.5, 'width': 563.0, 'height': 215.0, 'confidence': 0.945419192314148, 'class': 'glass', 'image_path': '/Users/davidvos/Desktop/Thesis/images/glass446_jpg.rf.7c9c359c82d9401d477dad08857d9ca2.jpg', 'prediction_type': 'ObjectDetectionModel'}]","{'width': '640', 'height': '640'}"
"[{'x': 247.0, 'y': 353.5, 'width': 250.0, 'height': 275.0, 'confidence': 0.9177238345146179, 'class': 'Plastic', 'image_path': '/Users/davidvos/Desktop/Thesis/images/plastic183_jpg.rf.82b4debc08af67cc6f1817e9d7fa497f.jpg', 'prediction_type': 'ObjectDetectionModel'}]","{'width': '640', 'height': '640'}"
"[{'x': 277.0, 'y': 291.5, 'width': 234.0, 'height': 319.0, 'confidence': 0.9753649234771729, 'class': 'Metal', 'image_path': '/Users/davidvos/Desktop/Thesis/images/metal369_jpg.rf.b576ccf0212d3fc0b0ece29debd3c7a6.jpg', 'prediction_type': 'ObjectDetectionModel'}]","{'width': '640', 'height': '640'}"
"[{'x': 276.0, 'y': 440.0, 'width': 488.0, 'height': 398.0, 'confidence': 0.9640175104141235, 'class': 'Metal', 'image_path': '/Users/davidvos/Desktop/Thesis/images/metal327_jpg.rf.672d4a97a43e02f764ca249431df53a7.jpg', 'prediction_type': 'ObjectDetectionModel'}]","{'width': '640', 'height': '640'}"
"[{'x': 415.5, 'y': 433.0, 'width': 449.0, 'height': 414.0, 'confidence': 0.8583770990371704, 'class': 'glass', 'image_path': '/Users/davidvos/Desktop/Thesis/images/glass32_jpg.rf.0d8a7337fb952e71ba6bf79250dc4cd2.jpg', 'prediction_type': 'ObjectDetectionModel'}]","{'width': '640', 'height': '640'}"
[],"{'width': '640', 'height': '640'}"
[],"{'width': '640', 'height': '640'}"
"[{'x': 317.5, 'y': 289.0, 'width': 623.0, 'height': 578.0, 'confidence': 0.883536696434021, 'class': 'Paper', 'image_path': '/Users/davidvos/Desktop/Thesis/images/paper289_jpg.rf.9c1f909efb1f452498ffeee8573acfb0.jpg', 'prediction_type': 'ObjectDetectionModel'}]","{'width': '640', 'height': '640'}"
"[{'x': 321.0, 'y': 364.5, 'width': 638.0, 'height': 551.0, 'confidence': 0.84122633934021, 'class': 'Metal', 'image_path': '/Users/davidvos/Desktop/Thesis/images/metal262_jpg.rf.19fd4d6fe1c6b3921f85bfd89e0f4023.jpg', 'prediction_type': 'ObjectDetectionModel'}]","{'width': '640', 'height': '640'}"
"[{'x': 302.0, 'y': 282.5, 'width': 474.0, 'height': 565.0, 'confidence': 0.9537710547447205, 'class': 'Plastic', 'image_path': '/Users/davidvos/Desktop/Thesis/images/plastic283_jpg.rf.455022ed1398c85a63ff74348e5af954.jpg', 'prediction_type': 'ObjectDetectionModel'}]","{'width': '640', 'height': '640'}"
"[{'x': 294.0, 'y': 321.5, 'width': 566.0, 'height': 637.0, 'confidence': 0.9059661030769348, 'class': 'Paper', 'image_path': '/Users/davidvos/Desktop/Thesis/images/paper16_jpg.rf.bd3ee3a790f358d7c559146f9da3d4c1.jpg', 'prediction_type': 'ObjectDetectionModel'}]","{'width': '640', 'height': '640'}"
"[{'x': 225.5, 'y': 309.5, 'width': 275.0, 'height': 133.0, 'confidence': 0.9484905004501343, 'class': 'glass', 'image_path': '/Users/davidvos/Desktop/Thesis/images/glass237_jpg.rf.139586cfdb1f27fd1b6b6411da2fcd13.jpg', 'prediction_type': 'ObjectDetectionModel'}]","{'width': '640', 'height': '640'}"
"[{'x': 220.5, 'y': 324.0, 'width': 227.0, 'height': 144.0, 'confidence': 0.9265130758285522, 'class': 'glass', 'image_path': '/Users/davidvos/Desktop/Thesis/images/glass220_jpg.rf.c4fa00357a68ecc6178c2e1eab8ff4c2.jpg', 'prediction_type': 'ObjectDetectionModel'}]","{'width': '640', 'height': '640'}"
[],"{'width': '640', 'height': '640'}"
"[{'x': 309.5, 'y': 278.5, 'width': 341.0, 'height': 327.0, 'confidence': 0.9653996229171753, 'class': 'Plastic', 'image_path': '/Users/davidvos/Desktop/Thesis/images/plastic174_jpg.rf.d74f59ae8595e84804a03a572ddc1d28.jpg', 'prediction_type': 'ObjectDetectionModel'}]","{'width': '640', 'height': '640'}"
"[{'x': 321.0, 'y': 393.5, 'width': 638.0, 'height': 405.0, 'confidence': 0.7245590090751648, 'class': 'glass', 'image_path': '/Users/davidvos/Desktop/Thesis/images/glass151_jpg.rf.59961fc5610312e84eda37b70deceb37.jpg', 'prediction_type': 'ObjectDetectionModel'}]","{'width': '640', 'height': '640'}"
"[{'x': 274.5, 'y': 321.0, 'width': 453.0, 'height': 534.0, 'confidence': 0.9724053144454956, 'class': 'Paper', 'image_path': '/Users/davidvos/Desktop/Thesis/images/paper331_jpg.rf.ec20c363b76387e1e0b9deb4ce723b33.jpg', 'prediction_type': 'ObjectDetectionModel'}]","{'width': '640', 'height': '640'}"
"[{'x': 350.0, 'y': 335.0, 'width': 272.0, 'height': 326.0, 'confidence': 0.9506427049636841, 'class': 'Plastic', 'image_path': '/Users/davidvos/Desktop/Thesis/images/trash137_jpg.rf.8b1e2ab604da92a44e5066a8c5186be4.jpg', 'prediction_type': 'ObjectDetectionModel'}]","{'width': '640', 'height': '640'}"
"[{'x': 320.0, 'y': 298.0, 'width': 422.0, 'height': 158.0, 'confidence': 0.9493774771690369, 'class': 'glass', 'image_path': '/Users/davidvos/Desktop/Thesis/images/glass415_jpg.rf.e5fbd95d50d2e76b4e4aa68d3f73b62a.jpg', 'prediction_type': 'ObjectDetectionModel'}]","{'width': '640', 'height': '640'}"
"[{'x': 353.0, 'y': 286.0, 'width': 544.0, 'height': 570.0, 'confidence': 0.953626275062561, 'class': 'Paper', 'image_path': '/Users/davidvos/Desktop/Thesis/images/paper330_jpg.rf.d80b578950ad7264565a5ea85ec425fe.jpg', 'prediction_type': 'ObjectDetectionModel'}]","{'width': '640', 'height': '640'}"
"[{'x': 365.5, 'y': 312.5, 'width': 549.0, 'height': 289.0, 'confidence': 0.9710054397583008, 'class': 'glass', 'image_path': '/Users/davidvos/Desktop/Thesis/images/glass360_jpg.rf.f0078f722fa9138d2972c2fb402f5141.jpg', 'prediction_type': 'ObjectDetectionModel'}]","{'width': '640', 'height': '640'}"
"[{'x': 329.0, 'y': 334.5, 'width': 622.0, 'height': 611.0, 'confidence': 0.5058946013450623, 'class': 'Paper', 'image_path': '/Users/davidvos/Desktop/Thesis/images/cardboard268_jpg.rf.045c926017105a2b06492bbc9ee95ead.jpg', 'prediction_type': 'ObjectDetectionModel'}]","{'width': '640', 'height': '640'}"
"[{'x': 303.0, 'y': 257.5, 'width': 496.0, 'height': 513.0, 'confidence': 0.9413316249847412, 'class': 'Plastic', 'image_path': '/Users/davidvos/Desktop/Thesis/images/plastic14_jpg.rf.8e34cba4ccb1390ab5ee30fd58ee8f1b.jpg', 'prediction_type': 'ObjectDetectionModel'}]","{'width': '640', 'height': '640'}"
"[{'x': 271.5, 'y': 240.5, 'width': 491.0, 'height': 481.0, 'confidence': 0.9684287309646606, 'class': 'glass', 'image_path': '/Users/davidvos/Desktop/Thesis/images/metal278_jpg.rf.e0ad1cb999f23b094f5322ff32e1355a.jpg', 'prediction_type': 'ObjectDetectionModel'}]","{'width': '640', 'height': '640'}"
"[{'x': 263.5, 'y': 322.0, 'width': 461.0, 'height': 632.0, 'confidence': 0.8631453514099121, 'class': 'Paper', 'image_path': '/Users/davidvos/Desktop/Thesis/images/paper555_jpg.rf.e8379a3c560dca9dd78db0ed42d091e9.jpg', 'prediction_type': 'ObjectDetectionModel'}]","{'width': '640', 'height': '640'}"
"[{'x': 312.5, 'y': 310.0, 'width': 535.0, 'height': 484.0, 'confidence': 0.8723013997077942, 'class': 'Paper', 'image_path': '/Users/davidvos/Desktop/Thesis/images/paper532_jpg.rf.65ae1c6e52b051ef9d843713cdee2c83.jpg', 'prediction_type': 'ObjectDetectionModel'}]","{'width': '640', 'height': '640'}"
"[{'x': 401.5, 'y': 241.5, 'width': 389.0, 'height': 425.0, 'confidence': 0.9136790037155151, 'class': 'Random Trash', 'image_path': '/Users/davidvos/Desktop/Thesis/images/trash77_jpg.rf.a70a8b0997d054874076ee6da2c5c8b5.jpg', 'prediction_type': 'ObjectDetectionModel'}]","{'width': '640', 'height': '640'}"
"[{'x': 349.5, 'y': 431.0, 'width': 287.0, 'height': 410.0, 'confidence': 0.8724026083946228, 'class': 'Plastic', 'image_path': '/Users/davidvos/Desktop/Thesis/images/metal67_jpg.rf.3371514f26139cb56cbe45e8b3710765.jpg', 'prediction_type': 'ObjectDetectionModel'}]","{'width': '640', 'height': '640'}"
"[{'x': 416.5, 'y': 362.5, 'width': 421.0, 'height': 555.0, 'confidence': 0.9510387778282166, 'class': 'glass', 'image_path': '/Users/davidvos/Desktop/Thesis/images/glass133_jpg.rf.98c46a035ee9dbe3ef2e11f55370acf6.jpg', 'prediction_type': 'ObjectDetectionModel'}]","{'width': '640', 'height': '640'}"
"[{'x': 322.0, 'y': 320.0, 'width': 628.0, 'height': 640.0, 'confidence': 0.7356919050216675, 'class': 'Paper', 'image_path': '/Users/davidvos/Desktop/Thesis/images/paper381_jpg.rf.79b2403d88ba53b5cf8ef74c4022aa57.jpg', 'prediction_type': 'ObjectDetectionModel'}]","{'width': '640', 'height': '640'}"
"[{'x': 332.0, 'y': 394.0, 'width': 616.0, 'height': 492.0, 'confidence': 0.8093414306640625, 'class': 'Metal', 'image_path': '/Users/davidvos/Desktop/Thesis/images/metal75_jpg.rf.8aaabb8017c6abb5d5dba191dbb4fbae.jpg', 'prediction_type': 'ObjectDetectionModel'}]","{'width': '640', 'height': '640'}"
"[{'x': 210.0, 'y': 319.0, 'width': 412.0, 'height': 638.0, 'confidence': 0.7238267660140991, 'class': 'glass', 'image_path': '/Users/davidvos/Desktop/Thesis/images/glass122_jpg.rf.986be5d9502e97bae857145c3b5172da.jpg', 'prediction_type': 'ObjectDetectionModel'}, {'x': 215.5, 'y': 317.5, 'width': 413.0, 'height': 635.0, 'confidence': 0.4270487129688263, 'class': 'Metal', 'image_path': '/Users/davidvos/Desktop/Thesis/images/glass122_jpg.rf.986be5d9502e97bae857145c3b5172da.jpg', 'prediction_type': 'ObjectDetectionModel'}]","{'width': '640', 'height': '640'}"
"[{'x': 436.0, 'y': 320.0, 'width': 408.0, 'height': 640.0, 'confidence': 0.5362610816955566, 'class': 'Plastic', 'image_path': '/Users/davidvos/Desktop/Thesis/images/glass126_jpg.rf.e126b28c100c96edbca2a0dd4b74be48.jpg', 'prediction_type': 'ObjectDetectionModel'}, {'x': 435.0, 'y': 320.0, 'width': 410.0, 'height': 640.0, 'confidence': 0.5331535935401917, 'class': 'glass', 'image_path': '/Users/davidvos/Desktop/Thesis/images/glass126_jpg.rf.e126b28c100c96edbca2a0dd4b74be48.jpg', 'prediction_type': 'ObjectDetectionModel'}]","{'width': '640', 'height': '640'}"
"[{'x': 369.5, 'y': 322.0, 'width': 511.0, 'height': 634.0, 'confidence': 0.9162033200263977, 'class': 'Plastic', 'image_path': '/Users/davidvos/Desktop/Thesis/images/plastic103_jpg.rf.0ce41f44936bda6ec3777f32310b35ab.jpg', 'prediction_type': 'ObjectDetectionModel'}]","{'width': '640', 'height': '640'}"
"[{'x': 378.5, 'y': 304.5, 'width': 213.0, 'height': 609.0, 'confidence': 0.8537363409996033, 'class': 'glass', 'image_path': '/Users/davidvos/Desktop/Thesis/images/glass333_jpg.rf.ccb7930dda0dddbb3700295486b5e1b6.jpg', 'prediction_type': 'ObjectDetectionModel'}, {'x': 611.0, 'y': 605.0, 'width': 58.0, 'height': 70.0, 'confidence': 0.8059279918670654, 'class': 'glass', 'image_path': '/Users/davidvos/Desktop/Thesis/images/glass333_jpg.rf.ccb7930dda0dddbb3700295486b5e1b6.jpg', 'prediction_type': 'ObjectDetectionModel'}, {'x': 23.5, 'y': 608.0, 'width': 45.0, 'height': 60.0, 'confidence': 0.6266638040542603, 'class': 'glass', 'image_path': '/Users/davidvos/Desktop/Thesis/images/glass333_jpg.rf.ccb7930dda0dddbb3700295486b5e1b6.jpg', 'prediction_type': 'ObjectDetectionModel'}, {'x': 21.5, 'y': 609.0, 'width': 43.0, 'height': 62.0, 'confidence': 0.6104601621627808, 'class': 'Metal', 'image_path': '/Users/davidvos/Desktop/Thesis/images/glass333_jpg.rf.ccb7930dda0dddbb3700295486b5e1b6.jpg', 'prediction_type': 'ObjectDetectionModel'}]","{'width': '640', 'height': '640'}"
"[{'x': 331.5, 'y': 296.5, 'width': 375.0, 'height': 569.0, 'confidence': 0.9285542964935303, 'class': 'glass', 'image_path': '/Users/davidvos/Desktop/Thesis/images/plastic435_jpg.rf.e3c18e2eba16dbf3c1ca8b9168c00c90.jpg', 'prediction_type': 'ObjectDetectionModel'}]","{'width': '640', 'height': '640'}"
[],"{'width': '640', 'height': '640'}"
[],"{'width': '640', 'height': '640'}"
[],"{'width': '640', 'height': '640'}"
[],"{'width': '640', 'height': '640'}"
"[{'x': 400.5, 'y': 309.5, 'width': 479.0, 'height': 449.0, 'confidence': 0.9735614657402039, 'class': 'Metal', 'image_path': '/Users/davidvos/Desktop/Thesis/images/metal286_jpg.rf.d9af56b6aecc666a3eee23e5f1c4f960.jpg', 'prediction_type': 'ObjectDetectionModel'}]","{'width': '640', 'height': '640'}"
[],"{'width': '640', 'height': '640'}"
[],"{'width': '640', 'height': '640'}"
"[{'x': 319.0, 'y': 320.0, 'width': 488.0, 'height': 498.0, 'confidence': 0.7399356961250305, 'class': 'Paper', 'image_path': '/Users/davidvos/Desktop/Thesis/images/paper477_jpg.rf.c0e9a81e6bc56cc410d865a6eb405ba3.jpg', 'prediction_type': 'ObjectDetectionModel'}]","{'width': '640', 'height': '640'}"
"[{'x': 407.5, 'y': 364.5, 'width': 465.0, 'height': 545.0, 'confidence': 0.9587404727935791, 'class': 'glass', 'image_path': '/Users/davidvos/Desktop/Thesis/images/glass99_jpg.rf.6375652bce64856ed3150b943b240a54.jpg', 'prediction_type': 'ObjectDetectionModel'}]","{'width': '640', 'height': '640'}"
"[{'x': 315.0, 'y': 346.0, 'width': 630.0, 'height': 334.0, 'confidence': 0.8624553680419922, 'class': 'Plastic', 'image_path': '/Users/davidvos/Desktop/Thesis/images/plastic106_jpg.rf.632f273325b79f3d0db7f60b876efaf7.jpg', 'prediction_type': 'ObjectDetectionModel'}]","{'width': '640', 'height': '640'}"
"[{'x': 313.5, 'y': 309.0, 'width': 613.0, 'height': 618.0, 'confidence': 0.9173539876937866, 'class': 'Paper', 'image_path': '/Users/davidvos/Desktop/Thesis/images/paper115_jpg.rf.1edcffc4ef32ea8531b1b7bd7f0bb7da.jpg', 'prediction_type': 'ObjectDetectionModel'}]","{'width': '640', 'height': '640'}"
"[{'x': 379.0, 'y': 439.5, 'width': 508.0, 'height': 399.0, 'confidence': 0.9609227180480957, 'class': 'Metal', 'image_path': '/Users/davidvos/Desktop/Thesis/images/metal265_jpg.rf.33da423fb185cef5379fba7e8282427e.jpg', 'prediction_type': 'ObjectDetectionModel'}]","{'width': '640', 'height': '640'}"
"[{'x': 306.5, 'y': 346.0, 'width': 613.0, 'height': 204.0, 'confidence': 0.8041353821754456, 'class': 'Paper', 'image_path': '/Users/davidvos/Desktop/Thesis/images/paper574_jpg.rf.e93f1e7013dc786243fdf4917f0e6ae5.jpg', 'prediction_type': 'ObjectDetectionModel'}]","{'width': '640', 'height': '640'}"
"[{'x': 332.5, 'y': 328.0, 'width': 237.0, 'height': 326.0, 'confidence': 0.9734736084938049, 'class': 'Paper', 'image_path': '/Users/davidvos/Desktop/Thesis/images/paper385_jpg.rf.ce23e3dc65dd5506f7e18a11cb03b939.jpg', 'prediction_type': 'ObjectDetectionModel'}]","{'width': '640', 'height': '640'}"
"[{'x': 326.5, 'y': 383.5, 'width': 589.0, 'height': 347.0, 'confidence': 0.9298931360244751, 'class': 'Plastic', 'image_path': '/Users/davidvos/Desktop/Thesis/images/plastic165_jpg.rf.de109ec3381f7f3758df603131c0005d.jpg', 'prediction_type': 'ObjectDetectionModel'}]","{'width': '640', 'height': '640'}"
"[{'x': 315.0, 'y': 320.0, 'width': 630.0, 'height': 640.0, 'confidence': 0.4937598407268524, 'class': 'Paper', 'image_path': '/Users/davidvos/Desktop/Thesis/images/paper153_jpg.rf.c5096b61cd7f523422f263a9ea3991e9.jpg', 'prediction_type': 'ObjectDetectionModel'}]","{'width': '640', 'height': '640'}"
"[{'x': 257.5, 'y': 320.0, 'width': 509.0, 'height': 640.0, 'confidence': 0.7645673155784607, 'class': 'Plastic', 'image_path': '/Users/davidvos/Desktop/Thesis/images/plastic111_jpg.rf.1a256db84e324559095500e55ff4c958.jpg', 'prediction_type': 'ObjectDetectionModel'}]","{'width': '640', 'height': '640'}"
"[{'x': 287.0, 'y': 312.5, 'width': 362.0, 'height': 357.0, 'confidence': 0.9732538461685181, 'class': 'cardboard', 'image_path': '/Users/davidvos/Desktop/Thesis/images/cardboard142_jpg.rf.20afb8de9a392f65f4c3c71d25435e35.jpg', 'prediction_type': 'ObjectDetectionModel'}]","{'width': '640', 'height': '640'}"
"[{'x': 324.0, 'y': 289.0, 'width': 156.0, 'height': 358.0, 'confidence': 0.9522108435630798, 'class': 'glass', 'image_path': '/Users/davidvos/Desktop/Thesis/images/glass6_jpg.rf.9cb7409235e11d519d49abb839bed7cd.jpg', 'prediction_type': 'ObjectDetectionModel'}]","{'width': '640', 'height': '640'}"
[],"{'width': '640', 'height': '640'}"
"[{'x': 309.5, 'y': 320.0, 'width': 569.0, 'height': 640.0, 'confidence': 0.819908618927002, 'class': 'glass', 'image_path': '/Users/davidvos/Desktop/Thesis/images/glass435_jpg.rf.ec0b2900d36cdc48094d0b52bd55bbff.jpg', 'prediction_type': 'ObjectDetectionModel'}]","{'width': '640', 'height': '640'}"
"[{'x': 331.0, 'y': 159.5, 'width': 294.0, 'height': 317.0, 'confidence': 0.9775505065917969, 'class': 'glass', 'image_path': '/Users/davidvos/Desktop/Thesis/images/glass298_jpg.rf.2df681dcac2e6385b02079184db1b5c6.jpg', 'prediction_type': 'ObjectDetectionModel'}, {'x': 331.0, 'y': 159.5, 'width': 294.0, 'height': 315.0, 'confidence': 0.9762554168701172, 'class': 'Metal', 'image_path': '/Users/davidvos/Desktop/Thesis/images/glass298_jpg.rf.2df681dcac2e6385b02079184db1b5c6.jpg', 'prediction_type': 'ObjectDetectionModel'}]","{'width': '640', 'height': '640'}"
"[{'x': 323.0, 'y': 320.0, 'width': 634.0, 'height': 640.0, 'confidence': 0.753261923789978, 'class': 'Plastic', 'image_path': '/Users/davidvos/Desktop/Thesis/images/glass139_jpg.rf.cb75747b03d03b837fbfadfca13d3505.jpg', 'prediction_type': 'ObjectDetectionModel'}]","{'width': '640', 'height': '640'}"
"[{'x': 251.0, 'y': 361.5, 'width': 394.0, 'height': 547.0, 'confidence': 0.9261393547058105, 'class': 'glass', 'image_path': '/Users/davidvos/Desktop/Thesis/images/glass138_jpg.rf.1342dd6e4f1210576e3ff771f5b41edf.jpg', 'prediction_type': 'ObjectDetectionModel'}]","{'width': '640', 'height': '640'}"
"[{'x': 269.0, 'y': 359.5, 'width': 364.0, 'height': 561.0, 'confidence': 0.6030476093292236, 'class': 'glass', 'image_path': '/Users/davidvos/Desktop/Thesis/images/plastic404_jpg.rf.b104dfdac1511b00bd5843bd77da2f96.jpg', 'prediction_type': 'ObjectDetectionModel'}]","{'width': '640', 'height': '640'}"
"[{'x': 349.5, 'y': 337.0, 'width': 203.0, 'height': 392.0, 'confidence': 0.917527437210083, 'class': 'Paper', 'image_path': '/Users/davidvos/Desktop/Thesis/images/trash123_jpg.rf.a4982d3eb565cc241dc7bf3c9440f16b.jpg', 'prediction_type': 'ObjectDetectionModel'}, {'x': 350.5, 'y': 334.5, 'width': 205.0, 'height': 389.0, 'confidence': 0.9045767188072205, 'class': 'Random Trash', 'image_path': '/Users/davidvos/Desktop/Thesis/images/trash123_jpg.rf.a4982d3eb565cc241dc7bf3c9440f16b.jpg', 'prediction_type': 'ObjectDetectionModel'}]","{'width': '640', 'height': '640'}"
"[{'x': 360.5, 'y': 367.0, 'width': 551.0, 'height': 434.0, 'confidence': 0.9576317667961121, 'class': 'Metal', 'image_path': '/Users/davidvos/Desktop/Thesis/images/metal224_jpg.rf.b64aa48bc1ce405006767d2ba7a4f30f.jpg', 'prediction_type': 'ObjectDetectionModel'}]","{'width': '640', 'height': '640'}"
"[{'x': 296.5, 'y': 326.5, 'width': 565.0, 'height': 619.0, 'confidence': 0.8542479276657104, 'class': 'Paper', 'image_path': '/Users/davidvos/Desktop/Thesis/images/paper250_jpg.rf.3898616f0da368c746f4897e418b7c5d.jpg', 'prediction_type': 'ObjectDetectionModel'}]","{'width': '640', 'height': '640'}"
"[{'x': 279.0, 'y': 304.0, 'width': 320.0, 'height': 542.0, 'confidence': 0.9281550645828247, 'class': 'Paper', 'image_path': '/Users/davidvos/Desktop/Thesis/images/paper204_jpg.rf.e0566c09b2967c6e49c50d68fc30a8bd.jpg', 'prediction_type': 'ObjectDetectionModel'}]","{'width': '640', 'height': '640'}"
"[{'x': 305.5, 'y': 348.0, 'width': 595.0, 'height': 524.0, 'confidence': 0.8782745599746704, 'class': 'Plastic', 'image_path': '/Users/davidvos/Desktop/Thesis/images/plastic92_jpg.rf.004b2fb35b019baf04155f03a1e10d32.jpg', 'prediction_type': 'ObjectDetectionModel'}]","{'width': '640', 'height': '640'}"
"[{'x': 286.0, 'y': 360.0, 'width': 302.0, 'height': 500.0, 'confidence': 0.9510897397994995, 'class': 'glass', 'image_path': '/Users/davidvos/Desktop/Thesis/images/glass352_jpg.rf.e95dedde8cc926532f46e678e0caad2b.jpg', 'prediction_type': 'ObjectDetectionModel'}]","{'width': '640', 'height': '640'}"
"[{'x': 320.5, 'y': 325.5, 'width': 201.0, 'height': 199.0, 'confidence': 0.9605698585510254, 'class': 'Metal', 'image_path': '/Users/davidvos/Desktop/Thesis/images/metal159_jpg.rf.8e2fe6d14da26553fd49d2e4fc6531d9.jpg', 'prediction_type': 'ObjectDetectionModel'}]","{'width': '640', 'height': '640'}"
"[{'x': 287.0, 'y': 312.0, 'width': 486.0, 'height': 376.0, 'confidence': 0.9757212400436401, 'class': 'Paper', 'image_path': '/Users/davidvos/Desktop/Thesis/images/paper45_jpg.rf.9c2a7bb6cda9c6eac73c59e4c4d3d171.jpg', 'prediction_type': 'ObjectDetectionModel'}]","{'width': '640', 'height': '640'}"
"[{'x': 284.5, 'y': 411.0, 'width': 569.0, 'height': 394.0, 'confidence': 0.5140423774719238, 'class': 'Paper', 'image_path': '/Users/davidvos/Desktop/Thesis/images/trash134_jpg.rf.a6581e38a6f12fd60a12ba95f4754961.jpg', 'prediction_type': 'ObjectDetectionModel'}]","{'width': '640', 'height': '640'}"
"[{'x': 272.5, 'y': 279.5, 'width': 249.0, 'height': 247.0, 'confidence': 0.9631098508834839, 'class': 'glass', 'image_path': '/Users/davidvos/Desktop/Thesis/images/glass422_jpg.rf.2ee4cb11519745ccff7650bc9b892450.jpg', 'prediction_type': 'ObjectDetectionModel'}]","{'width': '640', 'height': '640'}"
[],"{'width': '640', 'height': '640'}"
"[{'x': 288.0, 'y': 304.0, 'width': 576.0, 'height': 554.0, 'confidence': 0.8938989639282227, 'class': 'Plastic', 'image_path': '/Users/davidvos/Desktop/Thesis/images/plastic207_jpg.rf.4f990492916f05dd7cc619309a66b55b.jpg', 'prediction_type': 'ObjectDetectionModel'}]","{'width': '640', 'height': '640'}"
[],"{'width': '640', 'height': '640'}"
"[{'x': 344.0, 'y': 319.0, 'width': 256.0, 'height': 638.0, 'confidence': 0.6568799018859863, 'class': 'glass', 'image_path': '/Users/davidvos/Desktop/Thesis/images/glass146_jpg.rf.fb8599be8a7705c71f83d13ba01812a7.jpg', 'prediction_type': 'ObjectDetectionModel'}]","{'width': '640', 'height': '640'}"
"[{'x': 335.0, 'y': 307.5, 'width': 582.0, 'height': 615.0, 'confidence': 0.8962980508804321, 'class': 'Paper', 'image_path': '/Users/davidvos/Desktop/Thesis/images/paper47_jpg.rf.773249bac7fbf0bd72bd8d37fe29bfcf.jpg', 'prediction_type': 'ObjectDetectionModel'}]","{'width': '640', 'height': '640'}"
"[{'x': 298.0, 'y': 327.0, 'width': 114.0, 'height': 532.0, 'confidence': 0.8813259601593018, 'class': 'Paper', 'image_path': '/Users/davidvos/Desktop/Thesis/images/trash131_jpg.rf.2989e70030d09d80679cf98cab34709a.jpg', 'prediction_type': 'ObjectDetectionModel'}]","{'width': '640', 'height': '640'}"
"[{'x': 253.5, 'y': 411.0, 'width': 301.0, 'height': 286.0, 'confidence': 0.9652336835861206, 'class': 'Paper', 'image_path': '/Users/davidvos/Desktop/Thesis/images/paper242_jpg.rf.d06423e2004853235ab98002bb17731a.jpg', 'prediction_type': 'ObjectDetectionModel'}, {'x': 255.5, 'y': 411.0, 'width': 299.0, 'height': 284.0, 'confidence': 0.9541284441947937, 'class': 'Random Trash', 'image_path': '/Users/davidvos/Desktop/Thesis/images/paper242_jpg.rf.d06423e2004853235ab98002bb17731a.jpg', 'prediction_type': 'ObjectDetectionModel'}]","{'width': '640', 'height': '640'}"
"[{'x': 314.5, 'y': 275.5, 'width': 325.0, 'height': 433.0, 'confidence': 0.9743070006370544, 'class': 'glass', 'image_path': '/Users/davidvos/Desktop/Thesis/images/glass153_jpg.rf.f601112b6fe0adaf5c586fdc928415b1.jpg', 'prediction_type': 'ObjectDetectionModel'}]","{'width': '640', 'height': '640'}"
[],"{'width': '640', 'height': '640'}"
"[{'x': 273.5, 'y': 303.5, 'width': 415.0, 'height': 361.0, 'confidence': 0.9777118563652039, 'class': 'Random Trash', 'image_path': '/Users/davidvos/Desktop/Thesis/images/paper394_jpg.rf.837fbb19f1829924cc8ab01b23000e15.jpg', 'prediction_type': 'ObjectDetectionModel'}, {'x': 268.5, 'y': 304.5, 'width': 413.0, 'height': 365.0, 'confidence': 0.5591409802436829, 'class': 'Metal', 'image_path': '/Users/davidvos/Desktop/Thesis/images/paper394_jpg.rf.837fbb19f1829924cc8ab01b23000e15.jpg', 'prediction_type': 'ObjectDetectionModel'}]","{'width': '640', 'height': '640'}"
"[{'x': 266.0, 'y': 311.0, 'width': 294.0, 'height': 612.0, 'confidence': 0.9126750230789185, 'class': 'Plastic', 'image_path': '/Users/davidvos/Desktop/Thesis/images/plastic142_jpg.rf.204975904d3e695177b4b3d6ad125bde.jpg', 'prediction_type': 'ObjectDetectionModel'}]","{'width': '640', 'height': '640'}"
[],"{'width': '640', 'height': '640'}"
"[{'x': 280.0, 'y': 339.5, 'width': 410.0, 'height': 601.0, 'confidence': 0.7595284581184387, 'class': 'Paper', 'image_path': '/Users/davidvos/Desktop/Thesis/images/paper141_jpg.rf.cb4d09b449d46f3f9e50a968bf7da213.jpg', 'prediction_type': 'ObjectDetectionModel'}]","{'width': '640', 'height': '640'}"
"[{'x': 357.0, 'y': 320.0, 'width': 566.0, 'height': 640.0, 'confidence': 0.669914186000824, 'class': 'Metal', 'image_path': '/Users/davidvos/Desktop/Thesis/images/metal346_jpg.rf.e48ed742561436d89fe9a0b182bba28b.jpg', 'prediction_type': 'ObjectDetectionModel'}]","{'width': '640', 'height': '640'}"
"[{'x': 333.5, 'y': 271.0, 'width': 545.0, 'height': 542.0, 'confidence': 0.9498862028121948, 'class': 'Plastic', 'image_path': '/Users/davidvos/Desktop/Thesis/images/plastic417_jpg.rf.dbb39ddd15e40391bf2fa6d0ea67f459.jpg', 'prediction_type': 'ObjectDetectionModel'}]","{'width': '640', 'height': '640'}"
"[{'x': 179.5, 'y': 449.0, 'width': 357.0, 'height': 304.0, 'confidence': 0.9331253170967102, 'class': 'Metal', 'image_path': '/Users/davidvos/Desktop/Thesis/images/glass263_jpg.rf.755405b4bf6ee810e96f2b71c7772830.jpg', 'prediction_type': 'ObjectDetectionModel'}]","{'width': '640', 'height': '640'}"
"[{'x': 244.5, 'y': 317.0, 'width': 489.0, 'height': 634.0, 'confidence': 0.5664523243904114, 'class': 'Paper', 'image_path': '/Users/davidvos/Desktop/Thesis/images/paper410_jpg.rf.8e9caf2ee1f024ba7dc7f38daa4ed775.jpg', 'prediction_type': 'ObjectDetectionModel'}]","{'width': '640', 'height': '640'}"
"[{'x': 281.0, 'y': 309.5, 'width': 252.0, 'height': 403.0, 'confidence': 0.9704947471618652, 'class': 'glass', 'image_path': '/Users/davidvos/Desktop/Thesis/images/glass362_jpg.rf.dcaf5b83cbd66923507487bd9baae36d.jpg', 'prediction_type': 'ObjectDetectionModel'}]","{'width': '640', 'height': '640'}"
"[{'x': 307.5, 'y': 311.0, 'width': 271.0, 'height': 394.0, 'confidence': 0.9655469655990601, 'class': 'Random Trash', 'image_path': '/Users/davidvos/Desktop/Thesis/images/trash79_jpg.rf.86521d75c84bf6aaa974dbbd8792bbf9.jpg', 'prediction_type': 'ObjectDetectionModel'}]","{'width': '640', 'height': '640'}"
"[{'x': 341.0, 'y': 422.5, 'width': 452.0, 'height': 435.0, 'confidence': 0.9600940942764282, 'class': 'Plastic', 'image_path': '/Users/davidvos/Desktop/Thesis/images/plastic316_jpg.rf.d5cbff3babcb1c8c6955d90fa84df9a4.jpg', 'prediction_type': 'ObjectDetectionModel'}]","{'width': '640', 'height': '640'}"
"[{'x': 315.0, 'y': 320.0, 'width': 600.0, 'height': 640.0, 'confidence': 0.7543861865997314, 'class': 'Paper', 'image_path': '/Users/davidvos/Desktop/Thesis/images/paper460_jpg.rf.beda1a0d9f47370558c1ae105901e37a.jpg', 'prediction_type': 'ObjectDetectionModel'}]","{'width': '640', 'height': '640'}"
"[{'x': 268.5, 'y': 327.5, 'width': 537.0, 'height': 405.0, 'confidence': 0.9397580623626709, 'class': 'Plastic', 'image_path': '/Users/davidvos/Desktop/Thesis/images/plastic110_jpg.rf.41372521a4d78b1961b68955ea4781c6.jpg', 'prediction_type': 'ObjectDetectionModel'}]","{'width': '640', 'height': '640'}"
"[{'x': 259.5, 'y': 288.5, 'width': 515.0, 'height': 577.0, 'confidence': 0.9359683990478516, 'class': 'Paper', 'image_path': '/Users/davidvos/Desktop/Thesis/images/paper470_jpg.rf.ea7b7c7095c85917aaf2b5b451cc0093.jpg', 'prediction_type': 'ObjectDetectionModel'}]","{'width': '640', 'height': '640'}"
"[{'x': 311.0, 'y': 345.5, 'width': 466.0, 'height': 443.0, 'confidence': 0.9548969268798828, 'class': 'Paper', 'image_path': '/Users/davidvos/Desktop/Thesis/images/paper253_jpg.rf.ffade4a7c79b0c5b9fa277a69903a9dc.jpg', 'prediction_type': 'ObjectDetectionModel'}]","{'width': '640', 'height': '640'}"
[],"{'width': '640', 'height': '640'}"
"[{'x': 343.0, 'y': 320.0, 'width': 362.0, 'height': 626.0, 'confidence': 0.7447162866592407, 'class': 'Metal', 'image_path': '/Users/davidvos/Desktop/Thesis/images/metal359_jpg.rf.aef212a4c9e45e4ca6b6f85581b25188.jpg', 'prediction_type': 'ObjectDetectionModel'}]","{'width': '640', 'height': '640'}"
"[{'x': 213.0, 'y': 328.0, 'width': 306.0, 'height': 150.0, 'confidence': 0.9403847455978394, 'class': 'glass', 'image_path': '/Users/davidvos/Desktop/Thesis/images/glass224_jpg.rf.65ed36cfb97285e41c660bde2861baaf.jpg', 'prediction_type': 'ObjectDetectionModel'}]","{'width': '640', 'height': '640'}"
"[{'x': 318.5, 'y': 229.0, 'width': 591.0, 'height': 458.0, 'confidence': 0.9382997751235962, 'class': 'Paper', 'image_path': '/Users/davidvos/Desktop/Thesis/images/paper110_jpg.rf.c9f9ab76687c1cfd737b1b72b2d32eac.jpg', 'prediction_type': 'ObjectDetectionModel'}]","{'width': '640', 'height': '640'}"
"[{'x': 446.0, 'y': 375.5, 'width': 374.0, 'height': 529.0, 'confidence': 0.7992297410964966, 'class': 'glass', 'image_path': '/Users/davidvos/Desktop/Thesis/images/glass393_jpg.rf.793187194c66907d5050c6247c4dba20.jpg', 'prediction_type': 'ObjectDetectionModel'}]","{'width': '640', 'height': '640'}"
[],"{'width': '640', 'height': '640'}"
"[{'x': 321.0, 'y': 320.0, 'width': 638.0, 'height': 640.0, 'confidence': 0.689444899559021, 'class': 'Paper', 'image_path': '/Users/davidvos/Desktop/Thesis/images/paper358_jpg.rf.0a6f80f255531d2727bd92e05fb094b9.jpg', 'prediction_type': 'ObjectDetectionModel'}]","{'width': '640', 'height': '640'}"
"[{'x': 251.5, 'y': 342.5, 'width': 459.0, 'height': 579.0, 'confidence': 0.9212362766265869, 'class': 'cardboard', 'image_path': '/Users/davidvos/Desktop/Thesis/images/cardboard213_jpg.rf.cc7fc63488068a6f6e2620aaf20dbbf9.jpg', 'prediction_type': 'ObjectDetectionModel'}]","{'width': '640', 'height': '640'}"
"[{'x': 341.5, 'y': 296.0, 'width': 363.0, 'height': 592.0, 'confidence': 0.8239549398422241, 'class': 'Plastic', 'image_path': '/Users/davidvos/Desktop/Thesis/images/plastic384_jpg.rf.952920c899d3a72afeda1389439def2a.jpg', 'prediction_type': 'ObjectDetectionModel'}]","{'width': '640', 'height': '640'}"
"[{'x': 342.5, 'y': 373.5, 'width': 375.0, 'height': 533.0, 'confidence': 0.9575870037078857, 'class': 'glass', 'image_path': '/Users/davidvos/Desktop/Thesis/images/glass361_jpg.rf.11cbd4efba48d79d6ed004eda37c3451.jpg', 'prediction_type': 'ObjectDetectionModel'}]","{'width': '640', 'height': '640'}"
"[{'x': 313.0, 'y': 320.0, 'width': 626.0, 'height': 640.0, 'confidence': 0.6417096257209778, 'class': 'Paper', 'image_path': '/Users/davidvos/Desktop/Thesis/images/paper49_jpg.rf.e014d9e13e4aae0962f7bc3ef8669748.jpg', 'prediction_type': 'ObjectDetectionModel'}]","{'width': '640', 'height': '640'}"
"[{'x': 234.0, 'y': 282.0, 'width': 468.0, 'height': 564.0, 'confidence': 0.9156383872032166, 'class': 'glass', 'image_path': '/Users/davidvos/Desktop/Thesis/images/glass439_jpg.rf.61c28f380a3b53fa2e6e495c78560e59.jpg', 'prediction_type': 'ObjectDetectionModel'}]","{'width': '640', 'height': '640'}"
"[{'x': 315.5, 'y': 391.5, 'width': 421.0, 'height': 497.0, 'confidence': 0.9467298984527588, 'class': 'Metal', 'image_path': '/Users/davidvos/Desktop/Thesis/images/metal227_jpg.rf.329fd965363f71525cdbc86c0fd4103c.jpg', 'prediction_type': 'ObjectDetectionModel'}]","{'width': '640', 'height': '640'}"
"[{'x': 382.5, 'y': 320.5, 'width': 513.0, 'height': 639.0, 'confidence': 0.8339419364929199, 'class': 'Plastic', 'image_path': '/Users/davidvos/Desktop/Thesis/images/plastic369_jpg.rf.c1999e06288055965e014a1f6f1aefd1.jpg', 'prediction_type': 'ObjectDetectionModel'}]","{'width': '640', 'height': '640'}"
"[{'x': 379.5, 'y': 467.0, 'width': 321.0, 'height': 346.0, 'confidence': 0.9835879802703857, 'class': 'Metal', 'image_path': '/Users/davidvos/Desktop/Thesis/images/metal136_jpg.rf.b44e43bef22d71475650c2adcacbc9d7.jpg', 'prediction_type': 'ObjectDetectionModel'}]","{'width': '640', 'height': '640'}"
"[{'x': 281.5, 'y': 285.5, 'width': 217.0, 'height': 323.0, 'confidence': 0.9669011831283569, 'class': 'cardboard', 'image_path': '/Users/davidvos/Desktop/Thesis/images/cardboard136_jpg.rf.06372539f16aca7d0e7f5994c02d7f44.jpg', 'prediction_type': 'ObjectDetectionModel'}]","{'width': '640', 'height': '640'}"
"[{'x': 325.0, 'y': 320.0, 'width': 608.0, 'height': 640.0, 'confidence': 0.709488570690155, 'class': 'Paper', 'image_path': '/Users/davidvos/Desktop/Thesis/images/paper529_jpg.rf.e912e0665de397f1d608e0958c81282b.jpg', 'prediction_type': 'ObjectDetectionModel'}]","{'width': '640', 'height': '640'}"
[],"{'width': '640', 'height': '640'}"
"[{'x': 245.5, 'y': 323.5, 'width': 251.0, 'height': 243.0, 'confidence': 0.9570966958999634, 'class': 'Paper', 'image_path': '/Users/davidvos/Desktop/Thesis/images/paper594_jpg.rf.eaec5d67f125f281cf6f3da69ba57e11.jpg', 'prediction_type': 'ObjectDetectionModel'}]","{'width': '640', 'height': '640'}"
"[{'x': 261.5, 'y': 242.0, 'width': 513.0, 'height': 474.0, 'confidence': 0.9623097777366638, 'class': 'Metal', 'image_path': '/Users/davidvos/Desktop/Thesis/images/metal283_jpg.rf.7df85202ade2dd8ac0c28be67ca8f639.jpg', 'prediction_type': 'ObjectDetectionModel'}]","{'width': '640', 'height': '640'}"
"[{'x': 357.5, 'y': 315.5, 'width': 419.0, 'height': 531.0, 'confidence': 0.9509106874465942, 'class': 'Random Trash', 'image_path': '/Users/davidvos/Desktop/Thesis/images/trash36_jpg.rf.6e95431f313c39f25aa9c6ff15e73676.jpg', 'prediction_type': 'ObjectDetectionModel'}]","{'width': '640', 'height': '640'}"
"[{'x': 315.5, 'y': 331.0, 'width': 123.0, 'height': 166.0, 'confidence': 0.9654418230056763, 'class': 'glass', 'image_path': '/Users/davidvos/Desktop/Thesis/images/glass24_jpg.rf.c3d65c35dd1c7b38083609000c79d3b0.jpg', 'prediction_type': 'ObjectDetectionModel'}]","{'width': '640', 'height': '640'}"
"[{'x': 317.0, 'y': 320.5, 'width': 634.0, 'height': 639.0, 'confidence': 0.41900694370269775, 'class': 'Paper', 'image_path': '/Users/davidvos/Desktop/Thesis/images/paper73_jpg.rf.2e09075a1f444405f07b16f4aab915d8.jpg', 'prediction_type': 'ObjectDetectionModel'}]","{'width': '640', 'height': '640'}"
"[{'x': 307.5, 'y': 359.5, 'width': 327.0, 'height': 237.0, 'confidence': 0.9710888862609863, 'class': 'glass', 'image_path': '/Users/davidvos/Desktop/Thesis/images/glass47_jpg.rf.70528640bdd6b619539793ddadcf7960.jpg', 'prediction_type': 'ObjectDetectionModel'}]","{'width': '640', 'height': '640'}"
[],"{'width': '640', 'height': '640'}"
"[{'x': 315.5, 'y': 367.0, 'width': 553.0, 'height': 428.0, 'confidence': 0.928337037563324, 'class': 'Paper', 'image_path': '/Users/davidvos/Desktop/Thesis/images/paper241_jpg.rf.1ad028248859112786f65efd84d662bb.jpg', 'prediction_type': 'ObjectDetectionModel'}]","{'width': '640', 'height': '640'}"
"[{'x': 415.0, 'y': 200.0, 'width': 376.0, 'height': 394.0, 'confidence': 0.9639460444450378, 'class': 'Plastic', 'image_path': '/Users/davidvos/Desktop/Thesis/images/metal375_jpg.rf.ba1c5c8a512306a70a66feb3089253aa.jpg', 'prediction_type': 'ObjectDetectionModel'}]","{'width': '640', 'height': '640'}"
"[{'x': 292.0, 'y': 339.0, 'width': 294.0, 'height': 292.0, 'confidence': 0.9527075290679932, 'class': 'Metal', 'image_path': '/Users/davidvos/Desktop/Thesis/images/metal290_jpg.rf.ff34c48468e023e2dacb891ebf424c69.jpg', 'prediction_type': 'ObjectDetectionModel'}]","{'width': '640', 'height': '640'}"
"[{'x': 336.0, 'y': 440.5, 'width': 284.0, 'height': 399.0, 'confidence': 0.7424987554550171, 'class': 'Plastic', 'image_path': '/Users/davidvos/Desktop/Thesis/images/plastic463_jpg.rf.d226455fd5b8a21d46018f0978ea6574.jpg', 'prediction_type': 'ObjectDetectionModel'}]","{'width': '640', 'height': '640'}"
[],"{'width': '640', 'height': '640'}"
"[{'x': 461.5, 'y': 407.5, 'width': 351.0, 'height': 463.0, 'confidence': 0.9833676815032959, 'class': 'Plastic', 'image_path': '/Users/davidvos/Desktop/Thesis/images/plastic389_jpg.rf.b8d0b828a36e2252813c51669c8bde49.jpg', 'prediction_type': 'ObjectDetectionModel'}]","{'width': '640', 'height': '640'}"
"[{'x': 269.0, 'y': 404.0, 'width': 538.0, 'height': 472.0, 'confidence': 0.955694317817688, 'class': 'Paper', 'image_path': '/Users/davidvos/Desktop/Thesis/images/paper341_jpg.rf.54254b3e7aa225dcd7acd00e581115fd.jpg', 'prediction_type': 'ObjectDetectionModel'}]","{'width': '640', 'height': '640'}"
"[{'x': 428.5, 'y': 469.5, 'width': 421.0, 'height': 337.0, 'confidence': 0.9774894714355469, 'class': 'Metal', 'image_path': '/Users/davidvos/Desktop/Thesis/images/metal256_jpg.rf.247729cd3a4957c8452d63906484f4f6.jpg', 'prediction_type': 'ObjectDetectionModel'}]","{'width': '640', 'height': '640'}"
"[{'x': 377.5, 'y': 268.0, 'width': 203.0, 'height': 536.0, 'confidence': 0.9620777368545532, 'class': 'glass', 'image_path': '/Users/davidvos/Desktop/Thesis/images/glass472_jpg.rf.997e98710d9aaeadc2acb1c39b250c47.jpg', 'prediction_type': 'ObjectDetectionModel'}]","{'width': '640', 'height': '640'}"
"[{'x': 175.5, 'y': 299.0, 'width': 257.0, 'height': 384.0, 'confidence': 0.9489320516586304, 'class': 'glass', 'image_path': '/Users/davidvos/Desktop/Thesis/images/glass475_jpg.rf.2d3c515237f7f3f4b537ada3346c6293.jpg', 'prediction_type': 'ObjectDetectionModel'}]","{'width': '640', 'height': '640'}"
"[{'x': 263.0, 'y': 336.5, 'width': 520.0, 'height': 607.0, 'confidence': 0.882030189037323, 'class': 'Paper', 'image_path': '/Users/davidvos/Desktop/Thesis/images/paper487_jpg.rf.5c6737fd570da5f701287d15d4bec4b6.jpg', 'prediction_type': 'ObjectDetectionModel'}]","{'width': '640', 'height': '640'}"
"[{'x': 321.5, 'y': 355.5, 'width': 357.0, 'height': 269.0, 'confidence': 0.963915228843689, 'class': 'Paper', 'image_path': '/Users/davidvos/Desktop/Thesis/images/plastic448_jpg.rf.fc347773d81c0b1b8dd4f370aaec3086.jpg', 'prediction_type': 'ObjectDetectionModel'}]","{'width': '640', 'height': '640'}"
"[{'x': 82.0, 'y': 106.0, 'width': 160.0, 'height': 208.0, 'confidence': 0.6620457768440247, 'class': 'Plastic', 'image_path': '/Users/davidvos/Desktop/Thesis/images/cardboard15_jpg.rf.85d116a86a85257ee1054a4b4c457701.jpg', 'prediction_type': 'ObjectDetectionModel'}]","{'width': '640', 'height': '640'}"
"[{'x': 381.5, 'y': 391.0, 'width': 311.0, 'height': 498.0, 'confidence': 0.9763151407241821, 'class': 'Metal', 'image_path': '/Users/davidvos/Desktop/Thesis/images/metal21_jpg.rf.8ca09f872f9dfde9f601bcf6d8f6725a.jpg', 'prediction_type': 'ObjectDetectionModel'}]","{'width': '640', 'height': '640'}"
"[{'x': 318.5, 'y': 326.0, 'width': 291.0, 'height': 498.0, 'confidence': 0.9581578969955444, 'class': 'Paper', 'image_path': '/Users/davidvos/Desktop/Thesis/images/paper584_jpg.rf.8fede95c6779b9be7f2fff70034345d7.jpg', 'prediction_type': 'ObjectDetectionModel'}]","{'width': '640', 'height': '640'}"
"[{'x': 254.5, 'y': 218.5, 'width': 499.0, 'height': 437.0, 'confidence': 0.9197394847869873, 'class': 'glass', 'image_path': '/Users/davidvos/Desktop/Thesis/images/glass165_jpg.rf.6b2ef23254ef88ef945cdde868cd7f27.jpg', 'prediction_type': 'ObjectDetectionModel'}]","{'width': '640', 'height': '640'}"
"[{'x': 335.5, 'y': 278.5, 'width': 593.0, 'height': 557.0, 'confidence': 0.9007521867752075, 'class': 'Plastic', 'image_path': '/Users/davidvos/Desktop/Thesis/images/plastic194_jpg.rf.feed6203711571684464ee057657ee22.jpg', 'prediction_type': 'ObjectDetectionModel'}, {'x': 340.5, 'y': 279.0, 'width': 585.0, 'height': 558.0, 'confidence': 0.7624872922897339, 'class': 'Paper', 'image_path': '/Users/davidvos/Desktop/Thesis/images/plastic194_jpg.rf.feed6203711571684464ee057657ee22.jpg', 'prediction_type': 'ObjectDetectionModel'}]","{'width': '640', 'height': '640'}"
"[{'x': 369.5, 'y': 317.0, 'width': 407.0, 'height': 634.0, 'confidence': 0.4538331925868988, 'class': 'Plastic', 'image_path': '/Users/davidvos/Desktop/Thesis/images/plastic28_jpg.rf.c8c3cb1f6c75ea4980246510323e23dd.jpg', 'prediction_type': 'ObjectDetectionModel'}]","{'width': '640', 'height': '640'}"
"[{'x': 366.0, 'y': 391.5, 'width': 456.0, 'height': 495.0, 'confidence': 0.9305140376091003, 'class': 'cardboard', 'image_path': '/Users/davidvos/Desktop/Thesis/images/cardboard353_jpg.rf.99ea79737662be235fe907a5fb7dfd80.jpg', 'prediction_type': 'ObjectDetectionModel'}]","{'width': '640', 'height': '640'}"
"[{'x': 347.5, 'y': 306.0, 'width': 557.0, 'height': 476.0, 'confidence': 0.9289867877960205, 'class': 'Random Trash', 'image_path': '/Users/davidvos/Desktop/Thesis/images/trash33_jpg.rf.5539c68b00cb7e14d1455fef0a3bbe60.jpg', 'prediction_type': 'ObjectDetectionModel'}]","{'width': '640', 'height': '640'}"
"[{'x': 261.5, 'y': 302.5, 'width': 523.0, 'height': 605.0, 'confidence': 0.7363698482513428, 'class': 'Paper', 'image_path': '/Users/davidvos/Desktop/Thesis/images/paper402_jpg.rf.659080fe9c767058482c270c11c6f619.jpg', 'prediction_type': 'ObjectDetectionModel'}]","{'width': '640', 'height': '640'}"
"[{'x': 434.5, 'y': 287.0, 'width': 339.0, 'height': 446.0, 'confidence': 0.9666905403137207, 'class': 'Plastic', 'image_path': '/Users/davidvos/Desktop/Thesis/images/plastic85_jpg.rf.7e46a00e091550cbb3efe662b27a4e3b.jpg', 'prediction_type': 'ObjectDetectionModel'}]","{'width': '640', 'height': '640'}"
"[{'x': 257.0, 'y': 296.0, 'width': 368.0, 'height': 422.0, 'confidence': 0.98204505443573, 'class': 'Metal', 'image_path': '/Users/davidvos/Desktop/Thesis/images/glass294_jpg.rf.f5028294c67054e9c78ea6127cb84ae8.jpg', 'prediction_type': 'ObjectDetectionModel'}]","{'width': '640', 'height': '640'}"
"[{'x': 298.0, 'y': 314.0, 'width': 302.0, 'height': 418.0, 'confidence': 0.9559676647186279, 'class': 'glass', 'image_path': '/Users/davidvos/Desktop/Thesis/images/glass92_jpg.rf.413dbf2c25c3bdc8d7619c53bce1d3dd.jpg', 'prediction_type': 'ObjectDetectionModel'}]","{'width': '640', 'height': '640'}"
"[{'x': 407.5, 'y': 285.0, 'width': 455.0, 'height': 570.0, 'confidence': 0.9555689096450806, 'class': 'Metal', 'image_path': '/Users/davidvos/Desktop/Thesis/images/metal49_jpg.rf.2ad2e0958c4eccbba225c1c63d0d1178.jpg', 'prediction_type': 'ObjectDetectionModel'}]","{'width': '640', 'height': '640'}"
"[{'x': 337.0, 'y': 313.5, 'width': 606.0, 'height': 627.0, 'confidence': 0.4921857416629791, 'class': 'Paper', 'image_path': '/Users/davidvos/Desktop/Thesis/images/paper489_jpg.rf.9176c0321863f2010adbbb1d36a090ca.jpg', 'prediction_type': 'ObjectDetectionModel'}]","{'width': '640', 'height': '640'}"
"[{'x': 206.5, 'y': 327.0, 'width': 295.0, 'height': 214.0, 'confidence': 0.9660433530807495, 'class': 'glass', 'image_path': '/Users/davidvos/Desktop/Thesis/images/glass180_jpg.rf.45fef5baa07b969a9344be5799fc9987.jpg', 'prediction_type': 'ObjectDetectionModel'}]","{'width': '640', 'height': '640'}"
"[{'x': 450.5, 'y': 446.5, 'width': 361.0, 'height': 385.0, 'confidence': 0.9664976596832275, 'class': 'Metal', 'image_path': '/Users/davidvos/Desktop/Thesis/images/metal248_jpg.rf.4d2ec15f1b11f22916ef2fc86bd6bf20.jpg', 'prediction_type': 'ObjectDetectionModel'}]","{'width': '640', 'height': '640'}"
"[{'x': 295.0, 'y': 295.5, 'width': 242.0, 'height': 225.0, 'confidence': 0.8870503902435303, 'class': 'Paper', 'image_path': '/Users/davidvos/Desktop/Thesis/images/cardboard137_jpg.rf.4f6ebc042a28a93c452093c0c309fe12.jpg', 'prediction_type': 'ObjectDetectionModel'}, {'x': 295.0, 'y': 296.0, 'width': 242.0, 'height': 220.0, 'confidence': 0.8486389517784119, 'class': 'cardboard', 'image_path': '/Users/davidvos/Desktop/Thesis/images/cardboard137_jpg.rf.4f6ebc042a28a93c452093c0c309fe12.jpg', 'prediction_type': 'ObjectDetectionModel'}]","{'width': '640', 'height': '640'}"
"[{'x': 318.5, 'y': 310.5, 'width': 485.0, 'height': 619.0, 'confidence': 0.9433606863021851, 'class': 'Plastic', 'image_path': '/Users/davidvos/Desktop/Thesis/images/plastic50_jpg.rf.ae93585d217760dfe7876ba002f751a8.jpg', 'prediction_type': 'ObjectDetectionModel'}]","{'width': '640', 'height': '640'}"
[],"{'width': '640', 'height': '640'}"
"[{'x': 303.0, 'y': 322.0, 'width': 268.0, 'height': 262.0, 'confidence': 0.9743772745132446, 'class': 'Metal', 'image_path': '/Users/davidvos/Desktop/Thesis/images/metal124_jpg.rf.56b1bb6b4c483890da8b5f3fe35812a1.jpg', 'prediction_type': 'ObjectDetectionModel'}]","{'width': '640', 'height': '640'}"
"[{'x': 286.5, 'y': 316.0, 'width': 505.0, 'height': 632.0, 'confidence': 0.780653178691864, 'class': 'Paper', 'image_path': '/Users/davidvos/Desktop/Thesis/images/paper267_jpg.rf.fa269568c877ea0f3800bfd527b18219.jpg', 'prediction_type': 'ObjectDetectionModel'}]","{'width': '640', 'height': '640'}"
"[{'x': 414.0, 'y': 333.0, 'width': 450.0, 'height': 596.0, 'confidence': 0.9431829452514648, 'class': 'Metal', 'image_path': '/Users/davidvos/Desktop/Thesis/images/metal14_jpg.rf.5923f00ca6d5b4103d33e01e50299bae.jpg', 'prediction_type': 'ObjectDetectionModel'}]","{'width': '640', 'height': '640'}"
[],"{'width': '640', 'height': '640'}"
"[{'x': 327.5, 'y': 310.0, 'width': 303.0, 'height': 606.0, 'confidence': 0.6280285120010376, 'class': 'glass', 'image_path': '/Users/davidvos/Desktop/Thesis/images/glass49_jpg.rf.001ac70e8cf06aaa12a1f909e23e5666.jpg', 'prediction_type': 'ObjectDetectionModel'}]","{'width': '640', 'height': '640'}"
"[{'x': 330.0, 'y': 253.5, 'width': 512.0, 'height': 317.0, 'confidence': 0.8975516557693481, 'class': 'glass', 'image_path': '/Users/davidvos/Desktop/Thesis/images/glass306_jpg.rf.133759ce2fb749b4f4aa7b74a179b873.jpg', 'prediction_type': 'ObjectDetectionModel'}]","{'width': '640', 'height': '640'}"
"[{'x': 296.0, 'y': 300.0, 'width': 588.0, 'height': 600.0, 'confidence': 0.7574269771575928, 'class': 'Metal', 'image_path': '/Users/davidvos/Desktop/Thesis/images/metal388_jpg.rf.ca4a5f15c9f8de2be1629b3adb73c84f.jpg', 'prediction_type': 'ObjectDetectionModel'}]","{'width': '640', 'height': '640'}"
"[{'x': 286.0, 'y': 368.5, 'width': 572.0, 'height': 539.0, 'confidence': 0.9662121534347534, 'class': 'cardboard', 'image_path': '/Users/davidvos/Desktop/Thesis/images/cardboard333_jpg.rf.c87d8664db026f46701d9ca1d5c63069.jpg', 'prediction_type': 'ObjectDetectionModel'}]","{'width': '640', 'height': '640'}"
"[{'x': 310.0, 'y': 333.0, 'width': 296.0, 'height': 544.0, 'confidence': 0.9778234958648682, 'class': 'cardboard', 'image_path': '/Users/davidvos/Desktop/Thesis/images/cardboard145_jpg.rf.35bc4c3bbda0797f33c170b50e041af5.jpg', 'prediction_type': 'ObjectDetectionModel'}]","{'width': '640', 'height': '640'}"
[],"{'width': '640', 'height': '640'}"
[],"{'width': '640', 'height': '640'}"
"[{'x': 295.0, 'y': 280.5, 'width': 238.0, 'height': 367.0, 'confidence': 0.902996301651001, 'class': 'Metal', 'image_path': '/Users/davidvos/Desktop/Thesis/images/trash32_jpg.rf.6297d95cf44333c68194759172478aaa.jpg', 'prediction_type': 'ObjectDetectionModel'}]","{'width': '640', 'height': '640'}"
"[{'x': 319.0, 'y': 318.5, 'width': 616.0, 'height': 449.0, 'confidence': 0.9128546714782715, 'class': 'cardboard', 'image_path': '/Users/davidvos/Desktop/Thesis/images/cardboard194_jpg.rf.cf03025aa0afe2c85c860168aed1925e.jpg', 'prediction_type': 'ObjectDetectionModel'}]","{'width': '640', 'height': '640'}"
